{"Success_rate": 0.0, "_timestamp": 1720870323.7050626, "Success_rate_level_0": 0.0, "Score": -381.96266518601374, "_runtime": 800.8167216777802, "_step": 42, "critic_1_loss": 1.819242000579834, "alpha": 0.6364020705223083}