{"Episodic_logs/reward": -80.26, "_timestamp": 1715071897.1630197, "Episodic_logs/episode_steps": 255, "Episodic_logs/UoC": 1, "Episodic_logs/total_numsteps": 11217, "Episodic_logs/replaymemory_size": 11217, "_runtime": 600.5315017700195, "_step": 82, "Curriculum_logs_phase_1/UoC_1": 0.0, "NN_logs/critic_loss_1": 28.356224060058594, "NN_logs/critic_loss_2": 34.9920654296875, "NN_logs/policy_loss": 1.5655286312103271, "NN_logs/entropy_loss": 0.0, "NN_logs/entropy": 0.20000000298023224}