{"Episodic_logs/reward": -194.87, "_timestamp": 1715071582.7406254, "Episodic_logs/episode_steps": 61, "Episodic_logs/UoC": 1, "Episodic_logs/total_numsteps": 6386, "Episodic_logs/replaymemory_size": 6386, "_runtime": 286.10910749435425, "_step": 55, "Curriculum_logs_phase_1/UoC_1": 20.0, "NN_logs/critic_loss_1": 76.8387680053711, "NN_logs/critic_loss_2": 62.57451629638672, "NN_logs/policy_loss": 1.1327425241470337, "NN_logs/entropy_loss": 0.0, "NN_logs/entropy": 0.20000000298023224}