{"success_rate": 0.0, "_timestamp": 1720697614.2087817, "success_rate_level_0": 0.0, "episode_reward": -399.2277920367029, "critic_1_loss": 20.55657196044922, "alpha": 1.0600541830062866, "_runtime": 35.979262828826904, "_step": 2}