{"success_rate": 0.0, "_timestamp": 1720698437.5950804, "success_rate_level_0": 0.0, "episode_reward": -368.374692152116, "_runtime": 27.110137462615967, "_step": 2}