{"Episodic_logs/reward": -91.28, "_timestamp": 1715071241.7411518, "Episodic_logs/episode_steps": 255, "Episodic_logs/UoC": 1, "Episodic_logs/total_numsteps": 152685, "Episodic_logs/replaymemory_size": 152685, "_runtime": 7568.534120798111, "_step": 717, "NN_logs/critic_loss_1": 20.194568634033203, "NN_logs/critic_loss_2": 19.508563995361328, "NN_logs/policy_loss": 1.5371220111846924, "NN_logs/entropy_loss": 0.0, "NN_logs/entropy": 0.20000000298023224, "Curriculum_logs_phase_1/UoC_1": 25.0, "Episodic_logs/evaluate": -44.04182830897363}