{"Episodic_logs/reward": -44.0, "_timestamp": 1715048896.9274347, "Episodic_logs/episode_steps": 255, "Episodic_logs/UoC": 1, "Episodic_logs/total_numsteps": 116501, "Episodic_logs/replaymemory_size": 116501, "_runtime": 5460.425942659378, "_step": 580, "NN_logs/critic_loss_1": 54.96332931518555, "NN_logs/critic_loss_2": 393.49688720703125, "NN_logs/policy_loss": 6.294308662414551, "NN_logs/entropy_loss": 0.0, "NN_logs/entropy": 0.20000000298023224, "Curriculum_logs_phase_1/UoC_1": 0.0, "Episodic_logs/evaluate": -60.9526139995318}