{"Success_rate": 0.0, "_timestamp": 1720780499.1234236, "Success_rate_level_0": 0.0, "Score": -30.753600695566185, "_runtime": 5870.801277637482, "_step": 1470, "critic_1_loss": 3.5544307231903076, "alpha": 0.21421170234680176}