{"success_rate": 0.0, "_timestamp": 1720697540.9512546, "success_rate_level_0": 0.0, "episode_reward": -788.5188320956294, "_runtime": 38.33616352081299, "_step": 3}